{
    "train_loss": 0.00446439149073946,
    "train_accuracy": 0.9986333333333334,
    "sharpness": [
        1.0,
        1.0,
        0.0
    ]
}