{
    "train_loss": 0.0056365786804662395,
    "train_accuracy": 0.9982333333333333,
    "sharpness": [
        1.0,
        0.6000000000000001,
        0.0
    ]
}