{
    "train_loss": 0.008869663019431755,
    "train_accuracy": 0.9974499999682108,
    "sharpness": [
        1.0,
        0.3999999999999999,
        0.0
    ]
}