{
    "train_loss": 0.00686798823630088,
    "train_accuracy": 0.9967666666348776,
    "sharpness": [
        1.0,
        1.0,
        1.0
    ]
}