{
    "train_loss": 0.01404266395252198,
    "train_accuracy": 0.9953833333015442,
    "sharpness": [
        0.6000000000000001,
        0.0,
        0.0
    ]
}