{
    "train_loss": 0.004958663052553311,
    "train_accuracy": 0.99855,
    "sharpness": [
        1.0,
        1.0,
        0.19999999999999996
    ]
}