{
    "train_loss": 0.10257398095627626,
    "train_accuracy": 0.9688333333333333,
    "sharpness": [
        0.0,
        0.0,
        0.0
    ]
}