{
    "train_loss": 0.002685071936729946,
    "train_accuracy": 0.9992,
    "sharpness": [
        1.0,
        1.0,
        0.7999999999999998
    ]
}