{
    "train_loss": 0.26591658863226575,
    "train_accuracy": 0.9179500000317892,
    "sharpness": [
        0.0,
        0.0,
        0.0
    ]
}