{
    "train_loss": 0.0027384482879269246,
    "train_accuracy": 0.9993,
    "sharpness": [
        1.0,
        1.0,
        0.3999999999999999
    ]
}