{
    "train_loss": 0.015829273120500146,
    "train_accuracy": 0.9945833333333334,
    "sharpness": [
        1.0,
        0.19999999999999996,
        0.0
    ]
}