{
    "train_loss": 0.2697712611754735,
    "train_accuracy": 0.9180000000317892,
    "sharpness": [
        0.0,
        0.0,
        0.0
    ]
}