{
    "train_loss": 0.03409798778742552,
    "train_accuracy": 0.9891166666348775,
    "sharpness": [
        0.0,
        0.0,
        0.0
    ]
}