{
    "train_loss": 0.0024558693139852647,
    "train_accuracy": 0.99935,
    "sharpness": [
        1.0,
        1.0,
        0.5999999999999999
    ]
}