{
    "train_loss": 0.005662538404436782,
    "train_accuracy": 0.9985,
    "sharpness": [
        1.0,
        0.6000000000000001,
        0.0
    ]
}