{
    "train_loss": 0.03390543380603194,
    "train_accuracy": 0.9893333333333333,
    "sharpness": [
        0.0,
        0.0,
        0.0
    ]
}