{
    "train_loss": 0.004450310249141573,
    "train_accuracy": 0.9981833333333333,
    "sharpness": [
        1.0,
        1.0,
        1.0
    ]
}