{
    "train_loss": 0.025142706527436772,
    "train_accuracy": 0.9921666666666666,
    "sharpness": [
        0.2,
        0.0,
        0.0
    ]
}