{
    "train_loss": 0.0033503586718967807,
    "train_accuracy": 0.9991833333333333,
    "sharpness": [
        1.0,
        1.0,
        0.0
    ]
}