{
    "train_loss": 0.008812612019696584,
    "train_accuracy": 0.9972666666348775,
    "sharpness": [
        1.0,
        0.3999999999999999,
        0.0
    ]
}