{
    "train_loss": 0.04834018272807201,
    "train_accuracy": 0.9842000000317891,
    "sharpness": [
        0.0,
        0.0,
        0.0
    ]
}