{
    "train_loss": 0.004009639530279673,
    "train_accuracy": 0.9986166666666667,
    "sharpness": [
        1.0,
        1.0,
        0.3999999999999999
    ]
}