{
    "train_loss": 0.01058078327899178,
    "train_accuracy": 0.9967666666666667,
    "sharpness": [
        0.8,
        0.0,
        0.0
    ]
}