{
    "train_loss": 0.003029663135846204,
    "train_accuracy": 0.9990833333333333,
    "sharpness": [
        1.0,
        1.0,
        1.0
    ]
}