{
    "train_loss": 0.003758432778075803,
    "train_accuracy": 0.9988166666666667,
    "sharpness": [
        1.0,
        1.0,
        0.5999999999999999
    ]
}