{
    "train_loss": 0.01530139127842461,
    "train_accuracy": 0.9948166666666667,
    "sharpness": [
        1.0,
        0.0,
        0.0
    ]
}