{
    "train_loss": 0.047672225379943846,
    "train_accuracy": 0.9852666666666666,
    "sharpness": [
        0.0,
        0.0,
        0.0
    ]
}