{
    "train_loss": 0.0037875186897115783,
    "train_accuracy": 0.9989666666666667,
    "sharpness": [
        1.0,
        1.0,
        0.19999999999999996
    ]
}