{
    "train_loss": 0.011203569912988072,
    "train_accuracy": 0.9962833333651224,
    "sharpness": [
        0.8,
        0.0,
        0.0
    ]
}