{
    "train_loss": 0.01754971591544648,
    "train_accuracy": 0.99445,
    "sharpness": [
        0.4,
        0.0,
        0.0
    ]
}