{
    "train_loss": 0.005063681227865163,
    "train_accuracy": 0.99805,
    "sharpness": [
        1.0,
        1.0,
        1.0
    ]
}