{
    "train_loss": 0.0677035702029864,
    "train_accuracy": 0.9792000000317892,
    "sharpness": [
        0.0,
        0.0,
        0.0
    ]
}