{
    "train_loss": 0.01489767210142066,
    "train_accuracy": 0.9951333333333333,
    "sharpness": [
        1.0,
        0.19999999999999996,
        0.0
    ]
}