{
    "train_loss": 0.012640004735377927,
    "train_accuracy": 0.9959,
    "sharpness": [
        0.6000000000000001,
        0.0,
        0.0
    ]
}