{
    "train_loss": 0.06812033147215843,
    "train_accuracy": 0.9786499999682109,
    "sharpness": [
        0.0,
        0.0,
        0.0
    ]
}