{
    "train_loss": 0.0040298509146242095,
    "train_accuracy": 0.9989333333333333,
    "sharpness": [
        1.0,
        0.8,
        0.0
    ]
}