{
    "train_loss": 0.016651402004559834,
    "train_accuracy": 0.9947166666666667,
    "sharpness": [
        0.4,
        0.0,
        0.0
    ]
}