{
    "train_loss": 0.003992815475998213,
    "train_accuracy": 0.9987333333333334,
    "sharpness": [
        1.0,
        1.0,
        0.7999999999999998
    ]
}