{
    "train_loss": 0.10379254729747772,
    "train_accuracy": 0.9687333333651225,
    "sharpness": [
        0.0,
        0.0,
        0.0
    ]
}