{
    "train_loss": 0.013345822723411645,
    "train_accuracy": 0.9957833333333334,
    "sharpness": [
        1.0,
        0.0,
        0.0
    ]
}